macongty;congviecthuctap;ghichu
84233;[HCM] Content Marketing Intern;Tham gia khóa đào tạo chuyên sâu về lập trình từ 3-6 tháng
84233;[HN] Chuyên Viên Đối Ngoại & Thương Hiệu Tuyển Dụng;Tham gia khóa đào tạo chuyên sâu về lập trình từ 3-6 tháng
84233;[HN] Thực Tập Sinh Marketing & Tổ Chức Sự Kiện;Tham gia khóa đào tạo chuyên sâu về lập trình từ 3-6 tháng
84233;[HCM] Fresher Embedded Developer (Japanese);Tham gia khóa đào tạo chuyên sâu về lập trình từ 3-6 tháng
84233;[HCM] Fresher Back-End Developer (Japanese);Tham gia khóa đào tạo chuyên sâu về lập trình từ 3-6 tháng
84233;[Cần Thơ] Fresher C/C++/C# Windown Application;Tham gia khóa đào tạo chuyên sâu về lập trình từ 3-6 tháng
84233;Chuyên Viên Nhân Sự – Trải Nghiệm Nhân Viên;Tham gia khóa đào tạo chuyên sâu về lập trình từ 3-6 tháng
84233;[HCM] On Job Training Technical Consultant;Tham gia khóa đào tạo chuyên sâu về lập trình từ 3-6 tháng
84233;[ĐN] Fresher .NET;Tham gia khóa đào tạo chuyên sâu về lập trình từ 3-6 tháng
84233;[HCM] Fresher Front-End Developer (Japanese);Tham gia khóa đào tạo chuyên sâu về lập trình từ 3-6 tháng
